{"dec":{"2.0":0.0615384615,"3.0":0.0231213873,"4.0":0.0648464164,"5.0":0.2262895175,"6.0":0.3885057471,"6.5":0.6666666667,"7.0":0.5964912281,"7.5":1.0,"8.0":0.7824773414,"8.5":1.0,"9.0":0.832807571,"9.9":1.0,"10.0":0.8418604651}}