{"intel":{"3":3.0,"4":4.0,"5":5.0,"7":6.0,"9":7.0,"10":7.5,"11":8.0,"12":9.0,"13":10.0},"dec":{"3":0.1052631579,"4":0.0804597701,"5":0.1588447653,"7":0.2648221344,"9":0.3636363636,"10":0.5,"11":0.4203539823,"12":0.489465154,"13":0.5157894737}}