{"attr":{"1":1.0,"2":2.0,"3":3.0,"5":4.0,"6":5.0,"7":6.0,"9":7.0,"11":8.0,"12":9.0,"13":9.5,"14":10.0},"dec":{"1":0.1,"2":0.0558659218,"3":0.0829493088,"5":0.1315789474,"6":0.220030349,"7":0.3083756345,"9":0.5145385588,"11":0.6485061511,"12":0.7488789238,"13":0.5,"14":0.8727272727}}